id,idInvited,idInviter,idContent,created
13,13923,13808,81,1564464923000
832,14059,14648,611,1635841832000
823,13751,14450,540,1622138869000
834,14442,14115,682,1650046650000
829,13739,14648,611,1635841832000
824,13887,14450,540,1622138869000
831,14016,14648,611,1635841832000
833,15202,15229,649,1642449406000
820,14368,13878,492,1615496495000
828,13932,14631,594,1627066550000
827,14470,14450,540,1622138869000
62,14065,13897,137,1569358375000
826,14309,14450,540,1622138869000
830,13919,14648,611,1635841832000
825,13913,14450,540,1622138869000
821,13684,14450,540,1622138869000
63,13023,13897,137,1569358586000
61,14141,13897,137,1569357922000
822,13689,14450,540,1622138869000
